{"cameraMode":{"drawMode":0,"name":"Shaded","section":"Shading Mode"},"sceneLighting":false,"audioPlay":false,"sceneViewState":{"showFog":true,"showMaterialUpdate":false,"showSkybox":true,"showFlares":true,"showImageEffects":true,"showParticleSystems":true},"in2DMode":false,"pivot":{"x":2.296687602996826,"y":0.30892133712768557,"z":-2.1463475227355959},"rotation":{"x":-0.0746278166770935,"y":0.9173323512077332,"z":-0.2059134542942047,"w":-0.3324631154537201},"size":3.816274881362915,"orthographic":false}