{"cameraMode":{"drawMode":0,"name":"Shaded","section":"Shading Mode"},"sceneLighting":false,"audioPlay":false,"sceneViewState":{"showFog":true,"showMaterialUpdate":false,"showSkybox":true,"showFlares":true,"showImageEffects":true,"showParticleSystems":true},"in2DMode":false,"pivot":{"x":0.9052111506462097,"y":0.8003977537155151,"z":0.23136945068836213},"rotation":{"x":-0.0746278166770935,"y":0.9173323512077332,"z":-0.2059134542942047,"w":-0.3324631154537201},"size":22.0,"orthographic":false}