{"cameraMode":{"drawMode":0,"name":"Shaded","section":"Shading Mode"},"sceneLighting":false,"audioPlay":false,"sceneViewState":{"showFog":true,"showMaterialUpdate":false,"showSkybox":true,"showFlares":true,"showImageEffects":true,"showParticleSystems":true},"in2DMode":false,"pivot":{"x":1.259939432144165,"y":0.6102830171585083,"z":-0.2937709093093872},"rotation":{"x":-0.04930713027715683,"y":0.9146266579627991,"z":-0.11753878742456436,"w":-0.38368159532546999},"size":0.8944182991981506,"orthographic":true}