{"cameraMode":{"drawMode":0,"name":"Shaded","section":"Shading Mode"},"sceneLighting":true,"audioPlay":false,"sceneViewState":{"showFog":true,"showMaterialUpdate":false,"showSkybox":true,"showFlares":true,"showImageEffects":true,"showParticleSystems":true},"in2DMode":false,"pivot":{"x":60.068824768066409,"y":27.697771072387697,"z":-18.307144165039064},"rotation":{"x":0.014621364884078503,"y":-0.22308135032653809,"z":-0.003346470883116126,"w":-0.9746844172477722},"size":66.87899017333985,"orthographic":false}