{"cameraMode":{"drawMode":0,"name":"Shaded","section":"Shading Mode"},"sceneLighting":false,"audioPlay":false,"sceneViewState":{"showFog":true,"showMaterialUpdate":false,"showSkybox":true,"showFlares":true,"showImageEffects":true,"showParticleSystems":true},"in2DMode":false,"pivot":{"x":1.0608012676239014,"y":0.3817303776741028,"z":-0.00550609827041626},"rotation":{"x":-0.15269994735717774,"y":-0.01126874890178442,"z":0.0017412956804037095,"w":-0.9882068634033203},"size":3.816274881362915,"orthographic":false}